"","Kingdom","Phylum","Class","Order","Family","Genus","Species"
"ASV295","Bacteria","Proteobacteria","Alphaproteobacteria","Rhizobiales","Rhizobiaceae","Rhizobium",NA
"ASV350","Bacteria","Proteobacteria","Alphaproteobacteria","Rhizobiales","Brucellaceae","Pseudochrobactrum",NA
"ASV168","Bacteria","Proteobacteria","Alphaproteobacteria","Caulobacterales","Caulobacteraceae","Brevundimonas","terrae"
"ASV171","Bacteria","Proteobacteria","Alphaproteobacteria","Caulobacterales","Caulobacteraceae","Brevundimonas",NA
"ASV199","Bacteria","Proteobacteria","Gammaproteobacteria","Xanthomonadales","Xanthomonadaceae","Wohlfahrtiimonas","chitiniclastica"
"ASV324","Bacteria","Proteobacteria","Gammaproteobacteria","Xanthomonadales","Xanthomonadaceae","Ignatzschineria",NA
"ASV296","Bacteria","Proteobacteria","Gammaproteobacteria","Xanthomonadales","Xanthomonadaceae","Stenotrophomonas","maltophilia"
"ASV181","Bacteria","Proteobacteria","Gammaproteobacteria","Xanthomonadales","Xanthomonadaceae","Stenotrophomonas",NA
"ASV279","Bacteria","Proteobacteria","Gammaproteobacteria","Xanthomonadales","Xanthomonadaceae","Stenotrophomonas",NA
"ASV65","Bacteria","Proteobacteria","Gammaproteobacteria","Xanthomonadales","Xanthomonadaceae","Stenotrophomonas",NA
"ASV196","Bacteria","Proteobacteria","Gammaproteobacteria","Pseudomonadales","Pseudomonadaceae","Pseudomonas",NA
"ASV222","Bacteria","Proteobacteria","Gammaproteobacteria","Pseudomonadales","Pseudomonadaceae","Pseudomonas",NA
"ASV115","Bacteria","Proteobacteria","Gammaproteobacteria","Pseudomonadales","Pseudomonadaceae","Pseudomonas",NA
"ASV178","Bacteria","Proteobacteria","Gammaproteobacteria","Pseudomonadales","Pseudomonadaceae","Pseudomonas",NA
"ASV99","Bacteria","Bacteroidetes","Sphingobacteriia","Sphingobacteriales","Sphingobacteriaceae","Sphingobacterium","hotanense"
"ASV146","Bacteria","Bacteroidetes","Sphingobacteriia","Sphingobacteriales","Sphingobacteriaceae","Sphingobacterium",NA
"ASV204","Bacteria","Bacteroidetes","Sphingobacteriia","Sphingobacteriales","Sphingobacteriaceae","Sphingobacterium",NA
"ASV210","Bacteria","Bacteroidetes","Sphingobacteriia","Sphingobacteriales","Sphingobacteriaceae","Sphingobacterium","siyangensis"
"ASV186","Bacteria","Bacteroidetes","Sphingobacteriia","Sphingobacteriales","Sphingobacteriaceae","Sphingobacterium",NA
"ASV191","Bacteria","Bacteroidetes","Sphingobacteriia","Sphingobacteriales","Sphingobacteriaceae","Sphingobacterium",NA
"ASV126","Bacteria","Bacteroidetes","Sphingobacteriia","Sphingobacteriales","Sphingobacteriaceae","Sphingobacterium","mizutaii"
"ASV160","Bacteria","Bacteroidetes","Sphingobacteriia","Sphingobacteriales","Sphingobacteriaceae","Sphingobacterium",NA
"ASV174","Bacteria","Bacteroidetes","Flavobacteriia","Flavobacteriales","Flavobacteriaceae","Flavobacterium",NA
"ASV141","Bacteria","Bacteroidetes","Flavobacteriia","Flavobacteriales","Flavobacteriaceae","Chishuiella",NA
"ASV129","Bacteria","Bacteroidetes","Flavobacteriia","Flavobacteriales","Flavobacteriaceae","Empedobacter","falsenii"
"ASV202","Bacteria","Bacteroidetes","Flavobacteriia","Flavobacteriales","Flavobacteriaceae","Myroides","odoratus"
"ASV63","Bacteria","Bacteroidetes","Flavobacteriia","Flavobacteriales","Flavobacteriaceae","Flavobacterium",NA
"ASV157","Bacteria","Bacteroidetes","Flavobacteriia","Flavobacteriales","Flavobacteriaceae","Flavobacterium",NA
"ASV152","Bacteria","Bacteroidetes","Bacteroidia","Bacteroidales","Bacteroidaceae","Bacteroides",NA
"ASV158","Bacteria","Bacteroidetes","Bacteroidia","Bacteroidales","Bacteroidaceae","Bacteroides",NA
"ASV161","Bacteria","Bacteroidetes","Bacteroidia","Bacteroidales","Bacteroidaceae","Bacteroides",NA
"ASV101","Bacteria","Bacteroidetes","Bacteroidia","Bacteroidales","Bacteroidaceae","Bacteroides",NA
"ASV236","Bacteria","Bacteroidetes","Bacteroidia","Bacteroidales","Bacteroidaceae","Bacteroides","uniformis"
"ASV229","Bacteria","Bacteroidetes","Bacteroidia","Bacteroidales","Bacteroidaceae","Bacteroides",NA
"ASV17","Bacteria","Bacteroidetes","Bacteroidia","Bacteroidales","Bacteroidaceae","Bacteroides",NA
"ASV46","Bacteria","Bacteroidetes","Bacteroidia","Bacteroidales","Bacteroidaceae","Bacteroides",NA
"ASV175","Bacteria","Bacteroidetes","Bacteroidia","Bacteroidales","Bacteroidaceae","Bacteroides",NA
"ASV226","Bacteria","Bacteroidetes","Bacteroidia","Bacteroidales","Bacteroidaceae","Bacteroides","vulgatus"
"ASV138","Bacteria","Bacteroidetes","Bacteroidia","Bacteroidales","Bacteroidaceae","Bacteroides",NA
"ASV26","Bacteria","Bacteroidetes","Bacteroidia","Bacteroidales","Bacteroidaceae","Bacteroides",NA
"ASV98","Bacteria","Bacteroidetes","Bacteroidia","Bacteroidales","Bacteroidaceae","Bacteroides",NA
"ASV166","Bacteria","Bacteroidetes","Bacteroidia","Bacteroidales","Bacteroidaceae","Bacteroides",NA
"ASV71","Bacteria","Bacteroidetes","Bacteroidia","Bacteroidales","Bacteroidaceae","Bacteroides",NA
"ASV31","Bacteria","Bacteroidetes","Bacteroidia","Bacteroidales","Bacteroidaceae","Bacteroides",NA
"ASV38","Bacteria","Bacteroidetes","Bacteroidia","Bacteroidales","Bacteroidaceae","Bacteroides",NA
"ASV62","Bacteria","Bacteroidetes","Bacteroidia","Bacteroidales","Bacteroidaceae","Bacteroides",NA
"ASV342","Bacteria","Candidatus_Saccharibacteria",NA,NA,NA,NA,NA
"ASV92","Bacteria","Proteobacteria","Epsilonproteobacteria","Campylobacterales","Campylobacteraceae","Campylobacter",NA
"ASV284","Bacteria","Proteobacteria","Betaproteobacteria","Burkholderiales","Sutterellaceae","Parasutterella",NA
"ASV116","Bacteria","Proteobacteria","Betaproteobacteria","Burkholderiales","Sutterellaceae","Parasutterella",NA
"ASV218","Bacteria","Proteobacteria","Betaproteobacteria","Burkholderiales","Alcaligenaceae","Achromobacter",NA
"ASV107","Bacteria","Proteobacteria","Betaproteobacteria","Burkholderiales","Sutterellaceae","Sutterella",NA
"ASV289","Bacteria","Proteobacteria","Betaproteobacteria","Burkholderiales","Sutterellaceae","Sutterella",NA
"ASV40","Bacteria","Proteobacteria","Betaproteobacteria","Burkholderiales","Comamonadaceae","Comamonas","testosteroni"
"ASV216","Bacteria","Proteobacteria","Betaproteobacteria","Burkholderiales","Comamonadaceae","Comamonas",NA
"ASV155","Bacteria","Proteobacteria","Betaproteobacteria","Burkholderiales","Comamonadaceae","Comamonas",NA
"ASV91","Bacteria","Proteobacteria","Betaproteobacteria","Burkholderiales","Comamonadaceae","Comamonas",NA
"ASV283","Bacteria","Proteobacteria","Betaproteobacteria","Burkholderiales","Comamonadaceae","Delftia",NA
"ASV304","Bacteria","Proteobacteria","Betaproteobacteria","Burkholderiales","Comamonadaceae","Comamonas",NA
"ASV4","Bacteria","Fusobacteria","Fusobacteriia","Fusobacteriales","Fusobacteriaceae","Fusobacterium",NA
"ASV34","Bacteria","Fusobacteria","Fusobacteriia","Fusobacteriales","Fusobacteriaceae","Fusobacterium",NA
"ASV55","Bacteria","Fusobacteria","Fusobacteriia","Fusobacteriales","Fusobacteriaceae","Fusobacterium",NA
"ASV64","Bacteria","Fusobacteria","Fusobacteriia","Fusobacteriales","Fusobacteriaceae","Fusobacterium",NA
"ASV42","Bacteria","Fusobacteria","Fusobacteriia","Fusobacteriales","Fusobacteriaceae","Cetobacterium","somerae"
"ASV48","Bacteria","Fusobacteria","Fusobacteriia","Fusobacteriales","Fusobacteriaceae","Fusobacterium",NA
"ASV79","Bacteria","Fusobacteria","Fusobacteriia","Fusobacteriales","Fusobacteriaceae","Fusobacterium",NA
"ASV253","Bacteria","Fusobacteria","Fusobacteriia","Fusobacteriales","Fusobacteriaceae","Fusobacterium",NA
"ASV87","Bacteria","Fusobacteria","Fusobacteriia","Fusobacteriales","Fusobacteriaceae","Fusobacterium",NA
"ASV159","Bacteria","Firmicutes","Erysipelotrichia","Erysipelotrichales","Erysipelotrichaceae","Turicibacter",NA
"ASV75","Bacteria","Firmicutes","Bacilli","Bacillales","Planococcaceae","Lysinibacillus",NA
"ASV133","Bacteria","Firmicutes","Bacilli","Bacillales","Planococcaceae","Kurthia","massiliensis"
"ASV11","Bacteria","Firmicutes","Bacilli","Bacillales","Planococcaceae","Kurthia","gibsonii"
"ASV29","Bacteria","Firmicutes","Bacilli","Bacillales","Planococcaceae","Kurthia",NA
"ASV78","Bacteria","Firmicutes","Bacilli","Bacillales","Planococcaceae","Kurthia","zopfii"
"ASV44","Bacteria","Firmicutes","Bacilli","Bacillales","Planococcaceae","Solibacillus","silvestris"
"ASV109","Bacteria","Firmicutes","Bacilli","Bacillales","Planococcaceae","Rummeliibacillus",NA
"ASV28","Bacteria","Firmicutes","Bacilli","Bacillales","Planococcaceae","Rummeliibacillus","pycnus"
"ASV70","Bacteria","Firmicutes","Bacilli","Bacillales","Planococcaceae","Rummeliibacillus",NA
"ASV306","Bacteria","Firmicutes","Bacilli","Bacillales","Bacillaceae_2","Cerasibacillus",NA
"ASV33","Bacteria","Firmicutes","Bacilli","Bacillales","Paenibacillaceae_1","Paenibacillus",NA
"ASV23","Bacteria","Proteobacteria","Gammaproteobacteria","Pseudomonadales","Moraxellaceae","Acinetobacter",NA
"ASV145","Bacteria","Proteobacteria","Gammaproteobacteria","Pseudomonadales","Moraxellaceae","Acinetobacter",NA
"ASV27","Bacteria","Proteobacteria","Gammaproteobacteria","Pseudomonadales","Moraxellaceae","Acinetobacter",NA
"ASV83","Bacteria","Proteobacteria","Gammaproteobacteria","Pseudomonadales","Moraxellaceae","Acinetobacter",NA
"ASV194","Bacteria","Proteobacteria","Gammaproteobacteria","Pseudomonadales","Moraxellaceae","Acinetobacter",NA
"ASV52","Bacteria","Proteobacteria","Gammaproteobacteria","Pseudomonadales","Moraxellaceae","Acinetobacter",NA
"ASV58","Bacteria","Proteobacteria","Gammaproteobacteria","Pseudomonadales","Moraxellaceae","Acinetobacter",NA
"ASV127","Bacteria","Proteobacteria","Gammaproteobacteria","Pseudomonadales","Moraxellaceae","Acinetobacter",NA
"ASV139","Bacteria","Proteobacteria","Gammaproteobacteria","Pseudomonadales","Moraxellaceae","Acinetobacter",NA
"ASV2","Bacteria","Proteobacteria","Gammaproteobacteria","Enterobacteriales","Enterobacteriaceae","Escherichia/Shigella",NA
"ASV76","Bacteria","Proteobacteria","Gammaproteobacteria","Enterobacteriales","Enterobacteriaceae","Escherichia/Shigella","coli"
"ASV288","Bacteria","Proteobacteria","Gammaproteobacteria","Enterobacteriales","Enterobacteriaceae","Yersinia",NA
"ASV203","Bacteria","Proteobacteria","Gammaproteobacteria","Enterobacteriales","Enterobacteriaceae","Serratia",NA
"ASV10","Bacteria","Proteobacteria","Gammaproteobacteria","Enterobacteriales","Enterobacteriaceae","Proteus",NA
"ASV106","Bacteria","Proteobacteria","Gammaproteobacteria","Enterobacteriales","Enterobacteriaceae","Proteus",NA
"ASV122","Bacteria","Proteobacteria","Gammaproteobacteria","Enterobacteriales","Enterobacteriaceae","Morganella","morganii"
"ASV53","Bacteria","Proteobacteria","Gammaproteobacteria","Enterobacteriales","Enterobacteriaceae","Providencia",NA
"ASV24","Bacteria","Proteobacteria","Gammaproteobacteria","Enterobacteriales","Enterobacteriaceae","Providencia",NA
"ASV170","Bacteria","Proteobacteria","Gammaproteobacteria","Enterobacteriales","Enterobacteriaceae","Providencia",NA
"ASV93","Bacteria","Proteobacteria","Gammaproteobacteria","Enterobacteriales","Enterobacteriaceae","Citrobacter",NA
"ASV200","Bacteria","Proteobacteria","Gammaproteobacteria","Enterobacteriales","Enterobacteriaceae","Buttiauxella",NA
"ASV110","Bacteria","Proteobacteria","Gammaproteobacteria","Enterobacteriales","Enterobacteriaceae","Klebsiella",NA
"ASV255","Bacteria","Proteobacteria","Gammaproteobacteria","Enterobacteriales","Enterobacteriaceae","Klebsiella",NA
"ASV307","Bacteria","Proteobacteria","Gammaproteobacteria","Pseudomonadales","Moraxellaceae","Acinetobacter",NA
"ASV436","Bacteria","Proteobacteria","Gammaproteobacteria","Pseudomonadales","Moraxellaceae","Acinetobacter","xiamenensis"
"ASV308","Bacteria","Proteobacteria","Gammaproteobacteria","Pseudomonadales","Moraxellaceae","Acinetobacter",NA
"ASV114","Bacteria","Proteobacteria","Gammaproteobacteria","Pseudomonadales","Moraxellaceae","Acinetobacter",NA
"ASV250","Bacteria","Proteobacteria","Gammaproteobacteria","Pseudomonadales","Moraxellaceae","Acinetobacter",NA
"ASV43","Bacteria","Proteobacteria","Gammaproteobacteria","Pseudomonadales","Moraxellaceae","Acinetobacter",NA
"ASV156","Bacteria","Proteobacteria","Gammaproteobacteria","Pseudomonadales","Moraxellaceae","Acinetobacter","lwoffii"
"ASV224","Bacteria","Proteobacteria","Gammaproteobacteria","Pseudomonadales","Moraxellaceae","Acinetobacter",NA
"ASV30","Bacteria","Proteobacteria","Gammaproteobacteria","Pseudomonadales","Moraxellaceae","Acinetobacter","radioresistens"
"ASV12","Bacteria","Firmicutes","Bacilli","Bacillales","Bacillaceae_1","Bacillus","infantis"
"ASV14","Bacteria","Firmicutes","Bacilli","Bacillales","Bacillaceae_1","Bacillus",NA
"ASV1","Bacteria","Firmicutes","Bacilli","Bacillales","Bacillaceae_1","Bacillus",NA
"ASV13","Bacteria","Firmicutes","Bacilli","Bacillales","Bacillaceae_1","Bacillus",NA
"ASV51","Bacteria","Firmicutes","Bacilli","Bacillales","Bacillaceae_1","Bacillus",NA
"ASV209","Bacteria","Firmicutes","Bacilli","Bacillales","Planococcaceae","Bhargavaea",NA
"ASV275","Bacteria","Firmicutes","Bacilli","Bacillales","Planococcaceae","Sporosarcina",NA
"ASV5","Bacteria","Firmicutes","Bacilli","Bacillales","Planococcaceae","Lysinibacillus",NA
"ASV336","Bacteria","Firmicutes","Bacilli","Bacillales",NA,NA,NA
"ASV371","Bacteria","Firmicutes","Bacilli","Bacillales","Planococcaceae",NA,NA
"ASV198","Bacteria","Firmicutes","Erysipelotrichia","Erysipelotrichales","Erysipelotrichaceae",NA,NA
"ASV97","Bacteria","Firmicutes","Erysipelotrichia","Erysipelotrichales","Erysipelotrichaceae",NA,NA
"ASV77","Bacteria","Firmicutes","Erysipelotrichia","Erysipelotrichales","Erysipelotrichaceae","Coprobacillus",NA
"ASV177","Bacteria","Firmicutes","Erysipelotrichia","Erysipelotrichales","Erysipelotrichaceae","Clostridium_XVIII",NA
"ASV241","Bacteria","Firmicutes","Erysipelotrichia","Erysipelotrichales","Erysipelotrichaceae","Clostridium_XVIII","ramosum"
"ASV383","Bacteria","Firmicutes","Erysipelotrichia","Erysipelotrichales","Erysipelotrichaceae","Erysipelothrix",NA
"ASV232","Bacteria","Bacteroidetes","Bacteroidia","Bacteroidales","Bacteroidaceae","Anaerorhabdus",NA
"ASV325","Bacteria","Bacteroidetes","Bacteroidia","Bacteroidales","Bacteroidaceae","Anaerorhabdus",NA
"ASV94","Bacteria","Firmicutes","Bacilli","Lactobacillales","Enterococcaceae","Enterococcus",NA
"ASV112","Bacteria","Firmicutes","Bacilli","Lactobacillales","Enterococcaceae","Enterococcus","cecorum"
"ASV207","Bacteria","Firmicutes","Bacilli","Lactobacillales","Enterococcaceae","Enterococcus",NA
"ASV164","Bacteria","Firmicutes","Bacilli","Lactobacillales","Enterococcaceae","Enterococcus",NA
"ASV205","Bacteria","Firmicutes","Bacilli","Lactobacillales","Enterococcaceae","Vagococcus",NA
"ASV147","Bacteria","Firmicutes","Bacilli","Lactobacillales","Enterococcaceae","Vagococcus","fluvialis"
"ASV89","Bacteria","Firmicutes","Bacilli","Lactobacillales","Enterococcaceae","Vagococcus",NA
"ASV169","Bacteria","Firmicutes","Bacilli","Lactobacillales","Streptococcaceae","Streptococcus",NA
"ASV338","Bacteria","Firmicutes","Bacilli","Lactobacillales","Streptococcaceae","Streptococcus",NA
"ASV243","Bacteria","Firmicutes","Bacilli","Lactobacillales","Streptococcaceae","Streptococcus",NA
"ASV219","Bacteria","Firmicutes","Bacilli","Lactobacillales","Lactobacillaceae","Lactobacillus",NA
"ASV214","Bacteria","Firmicutes","Bacilli","Lactobacillales","Lactobacillaceae","Lactobacillus",NA
"ASV310","Bacteria","Firmicutes","Bacilli","Lactobacillales","Carnobacteriaceae","Carnobacterium",NA
"ASV213","Bacteria","Firmicutes","Bacilli","Lactobacillales","Enterococcaceae","Vagococcus",NA
"ASV269","Bacteria","Firmicutes","Bacilli","Lactobacillales","Carnobacteriaceae","Granulicatella",NA
"ASV130","Bacteria","Firmicutes","Clostridia","Clostridiales","Clostridiaceae_1","Clostridium_sensu_stricto",NA
"ASV16","Bacteria","Firmicutes","Clostridia","Clostridiales","Clostridiaceae_1","Clostridium_sensu_stricto","vulturis"
"ASV406","Bacteria","Firmicutes","Clostridia","Clostridiales","Clostridiaceae_1","Hathewaya",NA
"ASV90","Bacteria","Firmicutes","Clostridia","Clostridiales","Clostridiaceae_1","Clostridium_sensu_stricto","fallax"
"ASV240","Bacteria","Firmicutes","Clostridia","Clostridiales","Clostridiaceae_1","Clostridium_sensu_stricto",NA
"ASV135","Bacteria","Firmicutes","Clostridia","Clostridiales","Clostridiaceae_1","Clostridium_sensu_stricto",NA
"ASV190","Bacteria","Firmicutes","Clostridia","Clostridiales","Clostridiaceae_1","Clostridium_sensu_stricto",NA
"ASV215","Bacteria","Firmicutes","Clostridia","Clostridiales","Clostridiaceae_1","Clostridium_sensu_stricto",NA
"ASV150","Bacteria","Firmicutes","Clostridia","Clostridiales","Clostridiaceae_1","Clostridium_sensu_stricto",NA
"ASV225","Bacteria","Firmicutes","Clostridia","Clostridiales","Clostridiaceae_1","Clostridium_sensu_stricto",NA
"ASV36","Bacteria","Firmicutes","Clostridia","Clostridiales","Clostridiaceae_1","Clostridium_sensu_stricto","colicanis"
"ASV73","Bacteria","Firmicutes","Clostridia","Clostridiales","Clostridiaceae_1","Clostridium_sensu_stricto","colicanis"
"ASV184","Bacteria","Firmicutes","Clostridia","Clostridiales","Clostridiaceae_1","Clostridium_sensu_stricto",NA
"ASV179","Bacteria","Firmicutes","Clostridia","Clostridiales","Clostridiaceae_1","Clostridium_sensu_stricto",NA
"ASV9","Bacteria","Firmicutes","Clostridia","Clostridiales","Clostridiaceae_1","Clostridium_sensu_stricto",NA
"ASV153","Bacteria","Firmicutes","Clostridia","Clostridiales","Clostridiaceae_1","Clostridium_sensu_stricto",NA
"ASV21","Bacteria","Firmicutes","Clostridia","Clostridiales","Clostridiaceae_1","Clostridium_sensu_stricto",NA
"ASV176","Bacteria","Firmicutes","Clostridia","Clostridiales","Clostridiaceae_1","Clostridium_sensu_stricto",NA
"ASV162","Bacteria","Firmicutes","Clostridia","Clostridiales","Clostridiaceae_1","Clostridium_sensu_stricto",NA
"ASV102","Bacteria","Firmicutes","Clostridia","Clostridiales","Clostridiaceae_1","Clostridium_sensu_stricto","paraputrificum"
"ASV299","Bacteria","Firmicutes","Clostridia","Clostridiales","Clostridiaceae_1","Clostridium_sensu_stricto",NA
"ASV85","Bacteria","Firmicutes","Clostridia","Clostridiales","Clostridiaceae_1","Clostridium_sensu_stricto",NA
"ASV59","Bacteria","Firmicutes","Clostridia","Clostridiales","Clostridiaceae_1","Clostridium_sensu_stricto",NA
"ASV192","Bacteria","Firmicutes","Clostridia","Clostridiales","Clostridiaceae_1","Clostridium_sensu_stricto",NA
"ASV206","Bacteria","Firmicutes","Clostridia","Clostridiales","Clostridiaceae_1","Clostridium_sensu_stricto",NA
"ASV391","Bacteria","Firmicutes","Clostridia","Clostridiales","Clostridiaceae_1","Clostridium_sensu_stricto",NA
"ASV56","Bacteria","Firmicutes","Clostridia","Clostridiales","Clostridiaceae_1","Clostridium_sensu_stricto","baratii"
"ASV57","Bacteria","Firmicutes","Clostridia","Clostridiales","Clostridiaceae_1","Clostridium_sensu_stricto","moniliforme"
"ASV132","Bacteria","Firmicutes","Clostridia","Clostridiales","Clostridiaceae_1","Clostridium_sensu_stricto",NA
"ASV54","Bacteria","Firmicutes","Clostridia","Clostridiales","Clostridiaceae_1","Clostridium_sensu_stricto",NA
"ASV111","Bacteria","Firmicutes","Clostridia","Clostridiales","Clostridiaceae_1","Clostridium_sensu_stricto",NA
"ASV187","Bacteria","Firmicutes","Clostridia","Clostridiales","Clostridiaceae_1","Clostridium_sensu_stricto",NA
"ASV108","Bacteria","Firmicutes","Clostridia","Clostridiales","Clostridiaceae_1","Clostridium_sensu_stricto","baratii"
"ASV142","Bacteria","Firmicutes","Clostridia","Clostridiales","Clostridiaceae_1",NA,NA
"ASV86","Bacteria","Firmicutes","Clostridia","Clostridiales","Clostridiaceae_1","Clostridium_sensu_stricto",NA
"ASV137","Bacteria","Firmicutes","Clostridia","Clostridiales","Clostridiaceae_1","Clostridium_sensu_stricto",NA
"ASV276","Bacteria","Firmicutes","Clostridia","Clostridiales","Clostridiales_Incertae_Sedis_XI","Parvimonas",NA
"ASV74","Bacteria","Firmicutes","Clostridia","Clostridiales","Peptococcaceae_1","Peptococcus",NA
"ASV128","Bacteria","Firmicutes","Clostridia","Clostridiales","Peptococcaceae_1","Peptococcus",NA
"ASV3","Bacteria","Firmicutes","Clostridia","Clostridiales","Peptoniphilaceae","Peptoniphilus","methioninivorax"
"ASV61","Bacteria","Firmicutes","Clostridia","Clostridiales","Peptoniphilaceae","Peptoniphilus",NA
"ASV32","Bacteria","Firmicutes","Clostridia","Clostridiales","Peptostreptococcaceae","Peptostreptococcus",NA
"ASV103","Bacteria","Firmicutes","Clostridia","Clostridiales","Peptostreptococcaceae","Peptostreptococcus",NA
"ASV120","Bacteria","Firmicutes","Clostridia","Clostridiales","Peptostreptococcaceae","Clostridium_XI",NA
"ASV144","Bacteria","Firmicutes","Clostridia","Clostridiales","Peptostreptococcaceae","Clostridium_XI",NA
"ASV104","Bacteria","Firmicutes","Clostridia","Clostridiales","Peptostreptococcaceae","Clostridium_XI",NA
"ASV95","Bacteria","Firmicutes","Clostridia","Clostridiales","Peptostreptococcaceae","Clostridium_XI",NA
"ASV6","Bacteria","Firmicutes","Clostridia","Clostridiales","Peptostreptococcaceae","Clostridium_XI","hiranonis"
"ASV113","Bacteria","Firmicutes","Clostridia","Clostridiales","Peptostreptococcaceae","Romboutsia",NA
"ASV322","Bacteria","Firmicutes","Clostridia","Clostridiales","Peptostreptococcaceae","Clostridium_XI",NA
"ASV197","Bacteria","Firmicutes","Clostridia","Clostridiales","Peptostreptococcaceae","Clostridium_XI",NA
"ASV22","Bacteria","Firmicutes","Clostridia","Clostridiales","Peptostreptococcaceae","Clostridium_XI",NA
"ASV45","Bacteria","Firmicutes","Clostridia","Clostridiales","Peptostreptococcaceae","Clostridium_XI",NA
"ASV180","Bacteria","Firmicutes","Clostridia","Clostridiales","Peptostreptococcaceae","Clostridium_XI",NA
"ASV35","Bacteria","Firmicutes","Clostridia","Clostridiales","Ruminococcaceae","Acetivibrio",NA
"ASV7","Bacteria","Firmicutes","Clostridia","Clostridiales","Ruminococcaceae",NA,NA
"ASV49","Bacteria","Firmicutes","Clostridia","Clostridiales","Ruminococcaceae","Acetivibrio",NA
"ASV280","Bacteria","Firmicutes","Negativicutes","Selenomonadales","Veillonellaceae","Megamonas",NA
"ASV72","Bacteria","Firmicutes","Negativicutes","Selenomonadales","Veillonellaceae","Megamonas",NA
"ASV163","Bacteria","Firmicutes","Negativicutes","Selenomonadales","Veillonellaceae","Veillonella",NA
"ASV100","Bacteria","Firmicutes","Negativicutes","Selenomonadales","Veillonellaceae","Veillonella",NA
"ASV66","Bacteria","Firmicutes","Negativicutes","Selenomonadales","Acidaminococcaceae","Phascolarctobacterium","succinatutens"
"ASV367","Bacteria","Cyanobacteria/Chloroplast","Chloroplast","Chloroplast","Streptophyta",NA,NA
"ASV47","Bacteria","Actinobacteria","Actinobacteria","Coriobacteriales","Coriobacteriaceae","Collinsella",NA
"ASV50","Bacteria","Actinobacteria","Actinobacteria","Coriobacteriales","Coriobacteriaceae","Collinsella",NA
"ASV60","Bacteria","Actinobacteria","Actinobacteria","Coriobacteriales","Coriobacteriaceae","Collinsella",NA
"ASV105","Bacteria","Actinobacteria","Actinobacteria","Coriobacteriales","Coriobacteriaceae","Collinsella",NA
"ASV248","Bacteria","Actinobacteria","Actinobacteria","Coriobacteriales","Coriobacteriaceae","Denitrobacterium",NA
"ASV96","Bacteria","Actinobacteria","Actinobacteria","Coriobacteriales","Coriobacteriaceae","Paraeggerthella","hongkongensis"
"ASV193","Bacteria","Actinobacteria","Actinobacteria","Coriobacteriales","Coriobacteriaceae","Slackia","faecicanis"
"ASV25","Bacteria","Actinobacteria","Actinobacteria","Coriobacteriales","Coriobacteriaceae","Slackia",NA
"ASV277","Bacteria","Actinobacteria","Actinobacteria","Actinomycetales","Nocardiaceae","Rhodococcus",NA
"ASV123","Bacteria","Actinobacteria","Actinobacteria","Actinomycetales","Micrococcaceae","Arthrobacter",NA
"ASV311","Bacteria","Actinobacteria","Actinobacteria","Actinomycetales","Micrococcaceae","Arthrobacter",NA
"ASV361","Bacteria","Firmicutes","Clostridia","Clostridiales","Lachnospiraceae","Clostridium_XlVb",NA
"ASV237","Bacteria","Firmicutes","Clostridia","Clostridiales","Lachnospiraceae","Clostridium_XlVb",NA
"ASV201","Bacteria","Firmicutes","Clostridia","Clostridiales","Ruminococcaceae","Butyricicoccus",NA
"ASV165","Bacteria","Firmicutes","Clostridia","Clostridiales","Ruminococcaceae","Butyricicoccus",NA
"ASV235","Bacteria","Firmicutes","Clostridia","Clostridiales","Ruminococcaceae","Butyricicoccus",NA
"ASV298","Bacteria","Firmicutes","Clostridia","Clostridiales","Ruminococcaceae","Butyricicoccus",NA
"ASV131","Bacteria","Firmicutes","Clostridia","Clostridiales","Ruminococcaceae","Butyricicoccus",NA
"ASV319","Bacteria","Firmicutes","Clostridia","Clostridiales","Ruminococcaceae","Butyricicoccus",NA
"ASV244","Bacteria","Firmicutes","Clostridia","Clostridiales","Ruminococcaceae",NA,NA
"ASV69","Bacteria","Firmicutes","Clostridia","Clostridiales","Ruminococcaceae","Clostridium_IV",NA
"ASV8","Bacteria","Firmicutes","Clostridia","Clostridiales","Ruminococcaceae","Sporobacter",NA
"ASV41","Bacteria","Firmicutes","Clostridia","Clostridiales","Ruminococcaceae",NA,NA
"ASV262","Bacteria","Firmicutes","Clostridia","Clostridiales","Lachnospiraceae","Murimonas",NA
"ASV119","Bacteria","Firmicutes","Clostridia","Clostridiales","Lachnospiraceae","Eisenbergiella",NA
"ASV80","Bacteria","Firmicutes","Clostridia","Clostridiales","Lachnospiraceae","Clostridium_XlVa",NA
"ASV337","Bacteria","Firmicutes","Clostridia","Clostridiales","Lachnospiraceae","Clostridium_XlVa",NA
"ASV228","Bacteria","Firmicutes","Clostridia","Clostridiales","Lachnospiraceae","Clostridium_XlVa",NA
"ASV136","Bacteria","Firmicutes","Clostridia","Clostridiales","Lachnospiraceae","Clostridium_XlVa",NA
"ASV352","Bacteria","Firmicutes","Clostridia","Clostridiales","Lachnospiraceae","Coprococcus",NA
"ASV372","Bacteria","Firmicutes","Clostridia","Clostridiales","Lachnospiraceae",NA,NA
"ASV118","Bacteria","Firmicutes","Clostridia","Clostridiales","Lachnospiraceae",NA,NA
"ASV82","Bacteria","Firmicutes","Clostridia","Clostridiales","Lachnospiraceae","Clostridium_XlVa",NA
"ASV257","Bacteria","Firmicutes","Clostridia","Clostridiales","Lachnospiraceae","Clostridium_XlVa",NA
"ASV19","Bacteria","Firmicutes","Clostridia","Clostridiales","Lachnospiraceae",NA,NA
"ASV125","Bacteria","Firmicutes","Clostridia","Clostridiales","Lachnospiraceae",NA,NA
"ASV18","Bacteria","Firmicutes","Clostridia","Clostridiales","Lachnospiraceae",NA,NA
"ASV154","Bacteria","Firmicutes","Clostridia","Clostridiales","Lachnospiraceae","Roseburia",NA
"ASV140","Bacteria","Firmicutes","Clostridia","Clostridiales","Lachnospiraceae",NA,NA
"ASV268","Bacteria","Firmicutes","Clostridia","Clostridiales","Lachnospiraceae","Clostridium_XlVa",NA
"ASV309","Bacteria","Firmicutes","Clostridia","Clostridiales","Lachnospiraceae",NA,NA
"ASV88","Bacteria","Firmicutes","Clostridia","Clostridiales","Lachnospiraceae","Clostridium_XlVa","glycyrrhizinilyticum"
"ASV239","Bacteria","Firmicutes","Clostridia","Clostridiales","Lachnospiraceae","Clostridium_XlVa",NA
"ASV167","Bacteria","Firmicutes","Clostridia","Clostridiales","Lachnospiraceae","Ruminococcus2",NA
"ASV504","Bacteria","Firmicutes","Clostridia","Clostridiales","Lachnospiraceae","Ruminococcus2",NA
"ASV505","Bacteria","Firmicutes","Clostridia","Clostridiales","Lachnospiraceae","Ruminococcus2",NA
"ASV15","Bacteria","Firmicutes","Clostridia","Clostridiales","Lachnospiraceae","Blautia","hansenii"
"ASV67","Bacteria","Firmicutes","Clostridia","Clostridiales","Lachnospiraceae","Blautia",NA
"ASV234","Bacteria","Firmicutes","Clostridia","Clostridiales","Lachnospiraceae",NA,NA
"ASV230","Bacteria","Firmicutes","Clostridia","Clostridiales","Lachnospiraceae",NA,NA
"ASV68","Bacteria","Firmicutes","Clostridia","Clostridiales","Lachnospiraceae","Ruminococcus2",NA
"ASV303","Bacteria","Firmicutes","Clostridia","Clostridiales","Lachnospiraceae",NA,NA
"ASV256","Bacteria","Firmicutes","Clostridia","Clostridiales","Lachnospiraceae","Blautia",NA
"ASV39","Bacteria","Firmicutes","Clostridia","Clostridiales","Lachnospiraceae","Blautia",NA
"ASV37","Bacteria","Firmicutes","Clostridia","Clostridiales","Lachnospiraceae","Blautia",NA
"ASV173","Bacteria","Firmicutes","Clostridia","Clostridiales","Lachnospiraceae","Blautia",NA
"ASV20","Bacteria","Firmicutes","Clostridia","Clostridiales","Lachnospiraceae","Blautia",NA
"ASV121","Bacteria","Firmicutes","Clostridia","Clostridiales","Lachnospiraceae","Blautia",NA
"ASV148","Bacteria","Firmicutes","Clostridia","Clostridiales","Lachnospiraceae","Blautia",NA
"ASV172","Bacteria","Firmicutes","Clostridia","Clostridiales","Lachnospiraceae","Blautia",NA
"ASV124","Bacteria","Firmicutes","Clostridia","Clostridiales","Lachnospiraceae","Blautia",NA
